<?xml version="1.0" encoding="utf-8"?>

<!-- Example patch to be added to your apparel mod -->
<Patch>
  <Operation Class="PatchOperationSequence">
    <success>Always</success>
    <operations>
    <!-- Test for Night Vision mod, kind of -->
      <li Class="PatchOperationTest">
      <xpath>Defs/ThingDef [defName = "NV_nv_goggles"]</xpath>
      </li>

    <!-- Add <comps></comps> to your apparel if it doesn't already have it -->
    <li Class="PatchOperationSequence">
      <success>Always</success>
      <operations>
        <li Class="PatchOperationTest">
          <xpath>Defs/ThingDef [defName = "INSERT APPAREL DEF NAME HERE"]/comps</xpath>
          <success>Invert</success>
        </li>
        <li Class="PatchOperationAdd">
          <xpath>Defs/ThingDef [defName = "INSERT APPAREL DEF NAME HERE"]</xpath>
          <value>
            <comps/>
          </value>
        </li>
      </operations>
    </li>

  <!-- Add night vision settings as desired -->
        <li Class="PatchOperationAdd">
          <success>Always</success>
          <xpath>Defs/ThingDef [defName = "INSERT APPAREL DEF NAME HERE"]/comps</xpath>
          <value>
            
            <li Class="NightVision.CompProperties_NightVisionApparel">
            <!-- Whether the item grants night vision -->
              <GrantsNightVision>false</GrantsNightVision>
            <!-- Whether the item protects from photosensitivity's bright light debuff -->
              <NullifiesPhotosensitivity>false</NullifiesPhotosensitivity>
            
            </li>
          </value>
        </li>
      </operations>
  </Operation>


</Patch>