<?xml version="1.0" encoding="utf-8"?>

<ModMetaData>
  <name>NightVision</name>
  <author>drumad</author>
  <url>https://github.com/AndTheManDrew/NightVision/releases</url>
  <supportedVersions>
    <li>1.0</li>
    <li>1.1</li>
  </supportedVersions>
  
  <packageId>drumad.nightvision</packageId>
  <modDependenciesByVersion>
    <v1.0>

    </v1.0>
  </modDependenciesByVersion>
  
    <modDependencies>
      <li>
        <packageId>brrainz.harmony</packageId>
        <displayName>Harmony</displayName>
        <downloadUrl>https://github.com/pardeike/HarmonyRimWorld</downloadUrl>
      </li>
  </modDependencies>
  
  
  <description><![CDATA[
-<b>Night vision:</b>
    No slow down in darkness (Apparel, Bionics, Races)
-<b>Photosensitivity:</b>
    Faster in darkness, slower in bright light (Bionics, Races;  Apparel can remove the debuff)
-Includes corresponding positive or negative thoughts

-<b>[New]</b> Combat effects: light now affects ranged and melee hit chance, ranged cooldown, melee dodge, and adds a melee sneak attack chance.


-Supports Alien races (e.g. add natural photosensitivity to your favourite race)
-Customisable settings for apparel (e.g. add night vision to the cowboy hat)
-Customisable settings for bionics and health conditions (e.g. add a custom buff to Luciferium for both bright light and darkness)
]]>
</description>
</ModMetaData>