<?xml version="1.0" encoding="utf-8"?>

<Defs>


  <StatDef>
    <defName>LightMultiplier</defName>
    <workerClass>NightVision.NVStatWorker_LightMultiplier</workerClass>
    <label>current light multiplier</label>
    <description>This character's current light multiplier. Effects work speed, move speed, and various combat stats.\nFor animals and mechanoids, this is 100% at all light levels.\nFor humanlikes, this is 100% between 30% and 70% light, above that depends on photosensitivity (default = 100%) and below that depends on night vision (default = 80%).</description>
    <category>PawnMisc</category>
    <defaultBaseValue>1</defaultBaseValue>
    <minValue>0.01</minValue>
    <toStringStyle>PercentOne</toStringStyle>
    <formatString>x{0:0.0%}</formatString>
    <showOnAnimals>false</showOnAnimals>
    <displayPriorityInCategory>123</displayPriorityInCategory>
  </StatDef>
  <!--- Just for display -->
  <StatDef>
    <defName>NightVision</defName>
    <workerClass>NightVision.NVStatWorker_NightVision</workerClass>
    <label>Darkness multiplier</label>
    <description>The light multiplier when in darkness ( &lt; 30% light ).
      Effects work speed, move speed, and various combat stats.
      Reaches the peak value listed here at 0% light.
      Generally affected by both night vision and photosensitivity granting health conditions, apparel, and races.</description>
    <category>PawnMisc</category>
    <defaultBaseValue>0.8</defaultBaseValue>
    <minValue>0.01</minValue>
    <toStringStyle>PercentOne</toStringStyle>
    <formatString>x{0:0.0%}</formatString>
    <showOnAnimals>false</showOnAnimals>
    <displayPriorityInCategory>121</displayPriorityInCategory>
  </StatDef>

  <StatDef>
    <defName>NightVisionCombat</defName>
    <workerClass>NightVision.NVStatWorker_Combat</workerClass>
    <label>combat effects from light</label>
    <description>A summary of the effects of light on combat stats.</description>
    <category>PawnMisc</category>
    <showOnAnimals>false</showOnAnimals>
    <showOnMechanoids>false</showOnMechanoids>
    <displayPriorityInCategory>122</displayPriorityInCategory>
  </StatDef>

  <StatDef>
    <defName>LightSensitivity</defName>
    <workerClass>NightVision.NVStatWorker_LightSensitivity</workerClass>
    <label>Bright multiplier</label>
    <description>The light multiplier when in bright light ( &gt; 70% light ).
      Effects work speed, move speed, and various combat stats.
      Reaches the peak value listed here at 100% light.
      Generally affected by photosensitivity granting health conditions and races. Debuff is nullified by certain apparel.</description>
    <category>PawnMisc</category>
    <defaultBaseValue>1</defaultBaseValue>
    <minValue>0.01</minValue>
    <toStringStyle>PercentOne</toStringStyle>
    <formatString>x{0:0%}</formatString>
    <showOnAnimals>false</showOnAnimals>
    <displayPriorityInCategory>121</displayPriorityInCategory>
  </StatDef>

  <StatDef>
    <defName>NVRangedCooldown</defName>
    <workerClass>NightVision.NVStatWorker_RangedCooldown</workerClass>
    <label>ranged cooldown</label>
    <description>The ranged cooldown multiplier due to light. Affected by shooting skill and light multiplier. Higher is worse.</description>
    <category>PawnCombat</category>
    <defaultBaseValue>1</defaultBaseValue>
    <minValue>0.01</minValue>
    <toStringStyle>PercentOne</toStringStyle>
    <formatString>x{0:0%}</formatString>
    <showOnAnimals>false</showOnAnimals>
    <displayPriorityInCategory>1</displayPriorityInCategory>
  </StatDef>

</Defs>