﻿<?xml version="1.0" encoding="utf-8"?>

<Defs>
  <HediffDef ParentName="AddedBodyPartBase">
    <defName>NV_TapetumPart</defName>
    <!-- Tapetum Lucidum officially -->
    <label>retro-reflector implant</label>
    <labelNoun>a retinal retro-reflector implant</labelNoun>
    <description>An organic retro-reflector implanted behind the retina to aid in light capture</description>
    <comps>
      <li Class="NightVision.HediffCompProperties_NightVision">
        <GrantsPhotosensitivity>true</GrantsPhotosensitivity>
      </li>
    </comps>
    <addedPartProps>
      <solid>true</solid>
      <partEfficiency>1</partEfficiency>
    </addedPartProps>
  </HediffDef>

</Defs>